,data,hora,temperatura (째C),sensacao_termica (째C),temp_maxima (째C),temp_minima (째C)
0,2024-02-14,18:51:51,31.129999999999995,36.75,31.129999999999995,31.129999999999995
